1.193.13.79,China,17785,Thu May 30 00:15:22 PDT 2019,Thu May 30 17:09:41 PDT 2019,botnet;ssh;common password;iot;bruteforce;
2.94.177.240,Russia,8402,Thu May 30 14:21:26 PDT 2019,Thu May 30 14:31:24 PDT 2019,telnet;common password;iot;botnet;
2.179.89.189,Iran,48159,Thu May 30 06:04:21 PDT 2019,Thu May 30 06:01:43 PDT 2019,common password;iot;botnet;telnet;
5.55.255.43,Greece,3329,Thu May 30 19:50:36 PDT 2019,Thu May 30 19:47:07 PDT 2019,telnet;common password;iot;botnet;
5.166.89.59,Russia,50512,Thu May 30 01:29:08 PDT 2019,Thu May 30 01:43:25 PDT 2019,telnet;
5.196.68.203,France,16276,Thu Apr 04 15:32:29 PDT 2019,Fri Apr 05 11:46:41 PDT 2019,ssh;
5.196.68.203,France,16276,Fri Mar 01 11:02:10 PST 2019,Tue Mar 12 10:42:22 PDT 2019,ssh;
5.196.68.203,France,16276,Wed Mar 20 10:48:41 PDT 2019,Wed Mar 20 10:55:33 PDT 2019,ssh;
5.196.68.203,France,16276,Wed Apr 10 19:34:03 PDT 2019,Wed Apr 10 19:42:55 PDT 2019,ssh;
5.196.68.203,France,16276,Wed Apr 17 12:08:43 PDT 2019,Wed Apr 17 12:34:08 PDT 2019,ssh;
5.196.68.203,France,16276,Thu May 30 03:33:29 PDT 2019,Thu May 30 03:38:19 PDT 2019,ssh;
24.103.74.180,United States,12271,Thu May 30 06:00:00 PDT 2019,Thu May 30 05:59:06 PDT 2019,telnet;common password;iot;botnet;
27.71.232.58,Vietnam,7552,Wed May 15 19:44:09 PDT 2019,Thu May 16 14:50:40 PDT 2019,ssh;
27.71.232.58,Vietnam,7552,Thu May 23 09:11:16 PDT 2019,Fri May 24 09:01:54 PDT 2019,ssh;
27.71.232.58,Vietnam,7552,Thu May 30 12:27:21 PDT 2019,Thu May 30 12:29:02 PDT 2019,ssh;
31.163.155.139,Russia,35531,Wed May 29 06:53:52 PDT 2019,Thu May 30 01:48:04 PDT 2019,telnet;
31.163.168.69,Russia,35531,Thu May 30 21:46:02 PDT 2019,Thu May 30 21:50:11 PDT 2019,telnet;common password;iot;botnet;
34.76.178.10,United States,None,Thu May 30 00:34:09 PDT 2019,Thu May 30 00:34:54 PDT 2019,ssh;
35.237.216.116,United States,None,Fri May 24 04:04:45 PDT 2019,Tue Jun 04 12:26:30 PDT 2019,unknown protocol;ssh;
36.83.54.207,Indonesia,17974,Thu May 30 16:23:25 PDT 2019,Thu May 30 16:33:39 PDT 2019,telnet;common password;iot;botnet;
37.6.217.154,Greece,25472,Thu May 30 03:10:04 PDT 2019,Thu May 30 03:19:54 PDT 2019,telnet;common password;iot;botnet;
37.49.225.32,Netherlands,50673,Wed May 08 05:18:00 PDT 2019,Thu May 09 08:05:12 PDT 2019,unknown protocol;
37.49.225.32,Netherlands,50673,Fri May 17 11:00:58 PDT 2019,Sun Jun 02 13:07:10 PDT 2019,telnet;botnet;common password;iot;
37.187.193.19,France,16276,Mon Apr 01 19:18:41 PDT 2019,Mon Apr 01 19:23:47 PDT 2019,ssh;
37.187.193.19,France,16276,Tue Mar 05 16:41:08 PST 2019,Tue Mar 19 14:07:33 PDT 2019,ssh;
37.187.193.19,France,16276,Tue Mar 26 03:46:40 PDT 2019,Tue Mar 26 03:34:06 PDT 2019,ssh;
37.187.193.19,France,16276,Mon Apr 08 17:21:07 PDT 2019,Fri Apr 12 21:53:46 PDT 2019,ssh;
37.187.193.19,France,16276,Mon Apr 22 20:00:09 PDT 2019,Wed Apr 24 07:25:39 PDT 2019,ssh;
37.187.193.19,France,16276,Tue Apr 30 09:20:05 PDT 2019,Wed Jun 05 18:49:22 PDT 2019,unknown protocol;ssh;
37.189.158.91,Portugal,3243,Sat May 25 12:54:52 PDT 2019,Thu Jun 06 09:53:06 PDT 2019,ssh;
39.105.109.78,China,None,Thu May 23 11:53:13 PDT 2019,Thu May 30 13:30:33 PDT 2019,ssh;
39.106.23.128,China,None,Fri Mar 08 10:47:10 PST 2019,Fri Mar 08 10:38:13 PST 2019,ssh;
39.106.23.128,China,None,Thu May 30 22:34:56 PDT 2019,Thu May 30 22:41:45 PDT 2019,telnet;
40.124.4.131,United States,8075,Mon Mar 04 18:56:31 PST 2019,Thu Mar 07 05:42:14 PST 2019,ssh;
40.124.4.131,United States,8075,Mon Apr 01 22:38:56 PDT 2019,Mon Apr 01 22:38:02 PDT 2019,ssh;
40.124.4.131,United States,8075,Mon Apr 08 18:11:40 PDT 2019,Mon Apr 08 18:11:14 PDT 2019,ssh;
40.124.4.131,United States,8075,Wed Mar 13 12:16:11 PDT 2019,Tue Mar 19 01:19:34 PDT 2019,ssh;
40.124.4.131,United States,8075,Wed Apr 17 17:49:03 PDT 2019,Sat Apr 20 14:45:13 PDT 2019,ssh;
40.124.4.131,United States,8075,Mon May 06 22:57:04 PDT 2019,Tue May 14 01:00:35 PDT 2019,ssh;
40.124.4.131,United States,8075,Fri May 24 04:58:29 PDT 2019,Tue Jun 04 05:33:43 PDT 2019,ssh;unknown protocol;
41.39.79.160,Egypt,8452,Wed Apr 10 14:25:35 PDT 2019,Wed Apr 10 14:17:03 PDT 2019,ssh;
41.39.79.160,Egypt,8452,Thu May 30 12:18:27 PDT 2019,Thu May 30 12:21:35 PDT 2019,ssh;
42.114.13.106,Vietnam,18403,Thu May 30 12:12:35 PDT 2019,Thu May 30 12:24:01 PDT 2019,telnet;common password;iot;botnet;
45.28.140.219,United States,7018,Tue Apr 23 10:29:55 PDT 2019,Wed Apr 24 17:42:46 PDT 2019,ssh;
45.28.140.219,United States,7018,Thu May 23 08:48:56 PDT 2019,Thu May 30 19:08:53 PDT 2019,ssh;
45.55.41.15,United States,393406,Thu May 30 04:28:14 PDT 2019,Fri May 31 11:32:18 PDT 2019,botnet;iot;common password;telnet;
45.221.10.12,Uganda,None,Thu May 30 11:20:09 PDT 2019,Thu May 30 11:17:43 PDT 2019,telnet;common password;iot;botnet;
46.21.108.43,Sweden,43948,Thu May 23 13:48:11 PDT 2019,Mon Jun 03 13:20:13 PDT 2019,ssh;unknown protocol;
46.101.211.229,Germany,201229,Mon May 13 22:47:11 PDT 2019,Mon May 13 22:47:11 PDT 2019,telnet;
46.101.211.229,Germany,201229,Wed May 22 18:32:40 PDT 2019,Wed May 22 18:32:40 PDT 2019,telnet;
46.101.211.229,Germany,201229,Thu May 30 09:03:10 PDT 2019,Thu May 30 09:12:49 PDT 2019,telnet;
46.101.235.214,Germany,201229,Thu Mar 07 05:04:03 PST 2019,Thu Mar 07 05:10:38 PST 2019,ssh;
46.101.235.214,Germany,201229,Wed Mar 13 14:33:18 PDT 2019,Tue Mar 26 01:10:38 PDT 2019,ssh;
46.101.235.214,Germany,201229,Sat Apr 27 07:13:44 PDT 2019,Mon May 06 17:01:44 PDT 2019,ssh;
46.101.235.214,Germany,201229,Tue May 14 22:06:48 PDT 2019,Thu May 16 09:22:02 PDT 2019,ssh;
46.101.235.214,Germany,201229,Thu May 23 10:34:22 PDT 2019,Fri Jun 07 15:11:20 PDT 2019,unknown protocol;ssh;
46.101.236.85,Germany,201229,Wed May 15 04:41:40 PDT 2019,Sat Jun 01 20:20:04 PDT 2019,common password;iot;telnet;botnet;
46.105.30.20,France,16276,Tue Mar 05 01:24:06 PST 2019,Wed Mar 06 21:56:16 PST 2019,ssh;
46.105.30.20,France,16276,Wed Mar 13 11:37:35 PDT 2019,Sat Mar 16 13:51:11 PDT 2019,ssh;
46.105.30.20,France,16276,Tue Mar 26 21:45:12 PDT 2019,Sat Apr 27 20:38:11 PDT 2019,ssh;
46.105.30.20,France,16276,Mon May 06 18:40:24 PDT 2019,Fri Jun 07 21:42:02 PDT 2019,unknown protocol;ssh;
47.90.245.172,United States,45102,Fri May 24 03:20:32 PDT 2019,Sat May 25 01:07:33 PDT 2019,ssh;
47.90.245.172,United States,45102,Thu May 30 20:05:39 PDT 2019,Thu May 30 20:06:05 PDT 2019,ssh;
47.93.221.240,China,37963,Tue Nov 13 00:54:59 PST 2018,Tue Nov 13 00:55:43 PST 2018,telnet;
47.93.221.240,China,37963,Sun Dec 23 00:06:06 PST 2018,Sun Dec 23 00:44:15 PST 2018,telnet;
47.93.221.240,China,37963,Tue Jan 22 17:24:56 PST 2019,Tue Jan 22 22:05:13 PST 2019,telnet;
47.93.221.240,China,37963,Wed Jan 30 19:21:41 PST 2019,Fri Feb 01 09:05:40 PST 2019,telnet;
47.93.221.240,China,37963,Sun Feb 10 05:18:50 PST 2019,Tue Feb 12 11:24:48 PST 2019,telnet;
47.93.221.240,China,37963,Thu Feb 21 13:32:32 PST 2019,Tue Feb 26 21:05:23 PST 2019,telnet;
47.93.221.240,China,37963,Sun Mar 10 18:16:10 PDT 2019,Fri Apr 19 15:41:06 PDT 2019,telnet;
47.93.221.240,China,37963,Tue Apr 30 17:16:50 PDT 2019,Sun May 05 14:52:59 PDT 2019,telnet;
47.93.221.240,China,37963,Sat May 11 13:28:17 PDT 2019,Sat May 11 13:28:17 PDT 2019,telnet;
47.93.221.240,China,37963,Tue May 21 10:45:21 PDT 2019,Wed May 22 19:01:04 PDT 2019,telnet;
47.93.221.240,China,37963,Tue May 28 03:31:34 PDT 2019,Thu May 30 05:35:56 PDT 2019,telnet;
47.254.198.29,United States,45102,Sat May 04 22:59:25 PDT 2019,Sat May 04 22:59:28 PDT 2019,ssh;
47.254.198.29,United States,45102,Sun Apr 28 06:57:38 PDT 2019,Sun Apr 28 17:55:14 PDT 2019,ssh;
47.254.198.29,United States,45102,Fri Apr 19 16:38:36 PDT 2019,Sat Apr 20 05:49:14 PDT 2019,ssh;
47.254.198.29,United States,45102,Mon May 13 21:28:45 PDT 2019,Mon May 13 21:34:24 PDT 2019,ssh;
47.254.198.29,United States,45102,Thu May 30 06:34:55 PDT 2019,Thu May 30 06:33:41 PDT 2019,ssh;
47.254.198.29,United States,45102,Wed Jun 05 21:58:41 PDT 2019,Wed Jun 05 22:07:58 PDT 2019,ssh;
49.247.203.205,Republic of Korea,38700,Wed Mar 06 22:52:01 PST 2019,Wed Mar 06 23:00:05 PST 2019,ssh;
49.247.203.205,Republic of Korea,38700,Wed Mar 13 00:57:03 PDT 2019,Sun Mar 17 13:57:27 PDT 2019,ssh;
49.247.203.205,Republic of Korea,38700,Sun Mar 31 10:58:27 PDT 2019,Sun Apr 14 11:49:43 PDT 2019,ssh;
49.247.203.205,Republic of Korea,38700,Sun Apr 21 00:18:28 PDT 2019,Tue Apr 23 10:08:18 PDT 2019,ssh;
49.247.203.205,Republic of Korea,38700,Wed May 01 06:08:45 PDT 2019,Fri May 03 10:25:12 PDT 2019,ssh;
49.247.203.205,Republic of Korea,38700,Wed May 15 06:29:33 PDT 2019,Sat May 18 03:21:14 PDT 2019,ssh;
49.247.203.205,Republic of Korea,38700,Fri May 24 14:43:46 PDT 2019,Fri Jun 07 00:00:24 PDT 2019,ssh;
51.68.230.54,United Kingdom,None,Tue Mar 05 00:44:02 PST 2019,Thu Mar 07 00:10:11 PST 2019,ssh;
51.68.230.54,United Kingdom,None,Tue Apr 02 06:33:52 PDT 2019,Wed Apr 03 16:19:14 PDT 2019,ssh;
51.68.230.54,United Kingdom,None,Fri Mar 15 04:02:57 PDT 2019,Tue Mar 19 14:10:29 PDT 2019,ssh;
51.68.230.54,United Kingdom,None,Fri Apr 19 07:10:13 PDT 2019,Sun Apr 21 16:14:01 PDT 2019,ssh;
51.68.230.54,United Kingdom,None,Fri Apr 26 18:08:46 PDT 2019,Wed Jun 05 15:47:13 PDT 2019,ssh;unknown protocol;
51.158.68.31,United Kingdom,None,Sat May 25 15:09:13 PDT 2019,Thu May 30 03:14:17 PDT 2019,common password;botnet;iot;telnet;ssh;
51.255.174.215,France,16276,Tue Mar 05 02:36:49 PST 2019,Sun Mar 17 22:13:28 PDT 2019,ssh;
51.255.174.215,France,16276,Tue Mar 26 14:06:24 PDT 2019,Thu Jun 06 14:58:35 PDT 2019,ssh;
52.53.156.214,United States,16509,Thu May 30 23:55:25 PDT 2019,Thu May 30 23:58:34 PDT 2019,ssh;
52.233.133.59,Netherlands,8075,Thu May 30 08:03:45 PDT 2019,Thu May 30 08:02:43 PDT 2019,ssh;
54.242.180.249,United States,14618,Thu May 30 22:27:40 PDT 2019,Thu May 30 22:27:40 PDT 2019,telnet;
58.19.181.26,China,4837,Fri Apr 27 07:48:54 PDT 2018,Fri Apr 27 07:45:32 PDT 2018,telnet;common password;iot;botnet;
58.19.181.26,China,4837,Thu May 30 17:28:02 PDT 2019,Thu May 30 17:30:31 PDT 2019,telnet;
58.87.75.178,China,45090,Sun Jan 27 15:10:02 PST 2019,Mon Jan 28 08:20:58 PST 2019,ssh;
58.87.75.178,China,45090,Wed Feb 06 13:32:55 PST 2019,Sat Feb 09 07:52:57 PST 2019,ssh;
58.87.75.178,China,45090,Thu Feb 14 23:20:50 PST 2019,Fri Feb 15 17:33:55 PST 2019,ssh;
58.87.75.178,China,45090,Sat Mar 23 23:27:37 PDT 2019,Mon Apr 01 01:45:34 PDT 2019,ssh;
58.87.75.178,China,45090,Mon Mar 04 01:36:29 PST 2019,Mon Mar 18 01:45:40 PDT 2019,ssh;
58.87.75.178,China,45090,Fri Apr 19 00:53:03 PDT 2019,Fri Apr 19 07:10:52 PDT 2019,ssh;
58.87.75.178,China,45090,Sun May 26 00:22:16 PDT 2019,Thu May 30 01:38:59 PDT 2019,ssh;
58.186.108.133,Vietnam,18403,Thu May 30 10:50:45 PDT 2019,Thu May 30 11:01:21 PDT 2019,telnet;common password;iot;botnet;
60.189.121.86,China,4134,Thu May 30 10:08:31 PDT 2019,Thu May 30 10:14:56 PDT 2019,telnet;common password;iot;botnet;
66.70.188.25,United States,19916,Tue Mar 05 08:27:05 PST 2019,Wed Mar 06 17:16:05 PST 2019,ssh;
66.70.188.25,United States,19916,Tue Mar 26 23:15:49 PDT 2019,Fri Apr 05 00:25:25 PDT 2019,ssh;
66.70.188.25,United States,19916,Mon Mar 11 18:28:10 PDT 2019,Tue Mar 19 20:29:08 PDT 2019,ssh;
66.70.188.25,United States,19916,Sun Apr 14 01:37:31 PDT 2019,Thu Jun 06 04:43:13 PDT 2019,ssh;unknown protocol;
66.228.37.43,United States,63949,Thu May 30 08:50:17 PDT 2019,Thu May 30 08:52:29 PDT 2019,telnet;
68.183.20.83,United States,19817,Thu May 30 10:19:04 PDT 2019,Mon Jun 03 23:39:46 PDT 2019,telnet;
68.183.103.167,United States,19817,Sun May 26 18:38:34 PDT 2019,Mon Jun 03 15:59:38 PDT 2019,common password;telnet;iot;botnet;
68.183.143.23,United States,19817,Thu May 30 17:42:50 PDT 2019,Thu May 30 17:39:04 PDT 2019,ssh;
68.183.161.60,United States,19817,Thu May 23 14:58:03 PDT 2019,Fri Jun 07 21:57:01 PDT 2019,unknown protocol;ssh;
68.251.142.25,United States,7018,Thu May 30 07:05:20 PDT 2019,Thu May 30 06:57:15 PDT 2019,ssh;
69.172.87.213,Hong Kong,132585,Sun Nov 18 09:59:05 PST 2018,Sun Nov 18 09:59:05 PST 2018,ssh;
69.172.87.213,Hong Kong,132585,Sat Feb 16 12:46:21 PST 2019,Sat Feb 16 12:46:21 PST 2019,ssh;
69.172.87.213,Hong Kong,132585,Fri Mar 29 10:35:01 PDT 2019,Fri Mar 29 10:35:01 PDT 2019,ssh;
69.172.87.213,Hong Kong,132585,Fri May 24 22:24:45 PDT 2019,Fri May 24 22:24:45 PDT 2019,ssh;
69.172.87.213,Hong Kong,132585,Thu May 30 11:02:14 PDT 2019,Thu May 30 11:02:14 PDT 2019,ssh;
72.11.190.157,Canada,30466,Thu Feb 07 03:26:19 PST 2019,Sun Feb 10 15:04:04 PST 2019,ssh;
72.11.190.157,Canada,30466,Fri Feb 22 20:23:43 PST 2019,Mon Feb 25 09:28:25 PST 2019,ssh;
72.11.190.157,Canada,30466,Sat Mar 16 02:24:38 PDT 2019,Tue Mar 26 07:25:46 PDT 2019,iot;common password;botnet;ssh;
72.11.190.157,Canada,30466,Thu Apr 04 07:05:35 PDT 2019,Sun Apr 21 12:00:36 PDT 2019,ssh;
72.11.190.157,Canada,30466,Thu May 30 23:42:56 PDT 2019,Thu May 30 23:44:38 PDT 2019,ssh;
72.68.68.201,United States,701,Fri Apr 19 03:39:48 PDT 2019,Fri Apr 19 03:39:48 PDT 2019,telnet;
72.68.68.201,United States,701,Thu May 16 03:46:16 PDT 2019,Thu May 16 03:46:16 PDT 2019,unknown protocol;
72.68.68.201,United States,701,Thu May 30 03:57:00 PDT 2019,Thu May 30 04:03:50 PDT 2019,common password;iot;botnet;telnet;
76.27.163.60,United States,7922,Tue Jan 08 23:51:18 PST 2019,Sat Jan 12 12:57:52 PST 2019,ssh;
76.27.163.60,United States,7922,Tue Jan 22 22:58:38 PST 2019,Fri Jan 25 06:18:10 PST 2019,ssh;
76.27.163.60,United States,7922,Fri Feb 01 16:16:34 PST 2019,Mon Feb 04 03:27:47 PST 2019,ssh;
76.27.163.60,United States,7922,Fri Feb 15 07:06:43 PST 2019,Tue Feb 19 09:09:43 PST 2019,ssh;
76.27.163.60,United States,7922,Tue Mar 05 12:58:54 PST 2019,Tue Mar 05 13:03:36 PST 2019,ssh;
76.27.163.60,United States,7922,Mon Mar 11 18:19:30 PDT 2019,Tue Mar 26 10:24:09 PDT 2019,ssh;
76.27.163.60,United States,7922,Tue Apr 02 19:17:29 PDT 2019,Sun May 05 06:52:52 PDT 2019,ssh;
76.27.163.60,United States,7922,Wed May 15 04:29:54 PDT 2019,Wed May 15 04:31:52 PDT 2019,ssh;
76.27.163.60,United States,7922,Thu May 23 08:39:49 PDT 2019,Wed Jun 05 13:10:59 PDT 2019,ssh;unknown protocol;
77.42.73.87,Italy,None,Thu May 30 17:57:33 PDT 2019,Thu May 30 18:00:11 PDT 2019,telnet;
77.42.87.101,Iran,None,Thu May 30 16:28:36 PDT 2019,Thu May 30 16:28:36 PDT 2019,telnet;
77.48.196.50,Czechia,6830,Mon May 06 16:37:12 PDT 2019,Mon May 06 16:28:50 PDT 2019,ssh;common password;iot;botnet;
77.48.196.50,Czechia,6830,Sat May 11 17:33:32 PDT 2019,Sat May 18 21:03:57 PDT 2019,ssh;
77.48.196.50,Czechia,6830,Fri May 24 02:41:38 PDT 2019,Fri May 31 03:08:08 PDT 2019,ssh;
78.66.203.36,Sweden,3301,Thu May 30 14:00:52 PDT 2019,Thu May 30 14:00:52 PDT 2019,telnet;
78.83.53.232,Bulgaria,29580,Thu May 23 11:09:46 PDT 2019,Thu May 30 15:20:00 PDT 2019,ssh;
80.28.211.186,Spain,3352,Thu May 30 09:51:02 PDT 2019,Thu May 30 09:51:43 PDT 2019,telnet;
80.79.58.5,Italy,34695,Thu May 30 00:53:14 PDT 2019,Thu May 30 00:44:54 PDT 2019,common password;iot;botnet;telnet;
82.66.30.161,France,12322,Thu Apr 04 07:40:31 PDT 2019,Thu Apr 04 07:31:14 PDT 2019,ssh;
82.66.30.161,France,12322,Wed Mar 13 00:31:34 PDT 2019,Sun Mar 17 02:29:19 PDT 2019,ssh;
82.66.30.161,France,12322,Wed Mar 27 07:14:28 PDT 2019,Wed Mar 27 07:06:24 PDT 2019,ssh;
82.66.30.161,France,12322,Sun May 05 05:35:34 PDT 2019,Sun May 05 06:02:59 PDT 2019,ssh;
82.66.30.161,France,12322,Thu May 30 02:38:51 PDT 2019,Thu May 30 02:31:29 PDT 2019,ssh;
85.195.212.6,Switzerland,13030,Tue May 14 20:21:31 PDT 2019,Fri Jun 07 19:33:19 PDT 2019,ssh;
87.197.142.112,Slovak Republic,6855,Mon May 13 10:28:18 PDT 2019,Tue May 14 23:25:05 PDT 2019,ssh;
87.197.142.112,Slovak Republic,6855,Thu May 23 18:20:25 PDT 2019,Thu May 30 03:55:43 PDT 2019,ssh;
87.253.87.3,Sweden,13104,Mon Oct 08 17:21:35 PDT 2018,Mon Oct 08 17:08:34 PDT 2018,telnet;
87.253.87.3,Sweden,13104,Mon Nov 05 21:18:21 PST 2018,Tue Nov 06 10:28:54 PST 2018,telnet;
87.253.87.3,Sweden,13104,Wed Nov 21 12:23:35 PST 2018,Mon Nov 26 03:29:18 PST 2018,telnet;
87.253.87.3,Sweden,13104,Wed Jun 06 19:50:47 PDT 2018,Wed Jun 06 20:12:26 PDT 2018,telnet;botnet;iot;common password;
87.253.87.3,Sweden,13104,Fri Feb 01 09:38:44 PST 2019,Fri Feb 01 09:39:28 PST 2019,telnet;
87.253.87.3,Sweden,13104,Tue Apr 02 21:00:27 PDT 2019,Tue Apr 02 21:14:41 PDT 2019,telnet;
87.253.87.3,Sweden,13104,Mon Mar 18 21:51:30 PDT 2019,Sat Mar 23 18:23:33 PDT 2019,telnet;
87.253.87.3,Sweden,13104,Thu May 30 14:53:50 PDT 2019,Thu May 30 15:42:29 PDT 2019,common password;iot;telnet;botnet;
88.149.181.240,Italy,35612,Thu May 30 07:51:03 PDT 2019,Thu May 30 07:58:12 PDT 2019,ssh;common password;iot;botnet;
88.237.187.4,Turkey,9121,Thu May 30 01:52:04 PDT 2019,Thu May 30 02:00:42 PDT 2019,common password;iot;botnet;telnet;
88.250.126.148,Turkey,9121,Sun May 19 12:16:46 PDT 2019,Sun May 19 12:16:46 PDT 2019,telnet;
88.250.126.148,Turkey,9121,Mon May 27 11:28:58 PDT 2019,Thu May 30 20:27:14 PDT 2019,telnet;
90.54.79.0,France,3215,Fri May 24 21:36:28 PDT 2019,Thu May 30 10:26:44 PDT 2019,ssh;
91.134.110.226,France,16276,Thu May 30 21:01:00 PDT 2019,Thu May 30 21:01:00 PDT 2019,ssh;
92.63.194.15,Russia,206683,Thu May 30 10:59:53 PDT 2019,Thu May 30 10:59:53 PDT 2019,ssh;
92.118.161.13,Greece,None,Fri Mar 29 17:38:46 PDT 2019,Fri Mar 29 17:38:46 PDT 2019,http/https;
92.118.161.13,Greece,None,Fri Apr 19 07:27:58 PDT 2019,Thu Apr 25 19:46:41 PDT 2019,unknown protocol;ssh;
92.118.161.13,Greece,None,Thu May 02 21:38:06 PDT 2019,Wed May 08 04:18:49 PDT 2019,unknown protocol;
92.118.161.13,Greece,None,Wed May 15 23:43:14 PDT 2019,Sat May 25 06:45:11 PDT 2019,rdp;unknown protocol;
92.118.161.13,Greece,None,Thu May 30 18:04:56 PDT 2019,Mon Jun 03 17:41:19 PDT 2019,telnet;mysql;unknown protocol;
93.39.182.4,Italy,12874,Fri May 17 18:53:47 PDT 2019,Tue May 21 10:30:19 PDT 2019,ssh;
93.39.182.4,Italy,12874,Thu May 30 15:13:43 PDT 2019,Thu May 30 15:16:49 PDT 2019,ssh;
93.108.198.160,Portugal,12353,Sat May 25 08:31:40 PDT 2019,Thu May 30 02:40:34 PDT 2019,ssh;
93.142.232.102,Croatia,5391,Thu May 30 06:57:36 PDT 2019,Thu May 30 07:02:23 PDT 2019,telnet;common password;iot;botnet;
93.176.164.45,Spain,None,Thu May 30 23:33:49 PDT 2019,Thu May 30 23:28:03 PDT 2019,ssh;
96.239.59.131,United States,701,Mon Dec 03 17:45:42 PST 2018,Mon Dec 03 17:41:33 PST 2018,ssh;
96.239.59.131,United States,701,Sat Dec 29 13:27:29 PST 2018,Wed Jan 02 19:26:30 PST 2019,ssh;
96.239.59.131,United States,701,Sun Jan 13 12:53:28 PST 2019,Sun Jan 13 16:24:33 PST 2019,ssh;
96.239.59.131,United States,701,Tue Feb 05 14:33:10 PST 2019,Fri Feb 08 07:15:54 PST 2019,ssh;
96.239.59.131,United States,701,Sat Feb 23 15:23:39 PST 2019,Fri Mar 01 10:49:53 PST 2019,ssh;
96.239.59.131,United States,701,Tue Mar 12 23:12:44 PDT 2019,Fri Mar 29 11:19:54 PDT 2019,ssh;
96.239.59.131,United States,701,Sun Apr 14 20:49:11 PDT 2019,Mon Jun 03 14:35:18 PDT 2019,ssh;
99.103.96.9,United States,7018,Thu May 30 17:37:18 PDT 2019,Thu May 30 17:49:43 PDT 2019,telnet;common password;iot;botnet;
104.0.142.113,United States,7018,Thu May 23 00:04:10 PDT 2019,Thu May 23 00:04:19 PDT 2019,ssh;
104.0.142.113,United States,7018,Wed May 29 15:41:29 PDT 2019,Sat Jun 01 20:19:02 PDT 2019,ssh;
104.152.52.27,United States,14987,Sat Mar 09 14:35:39 PST 2019,Sat Mar 09 14:36:59 PST 2019,ssh;telnet;
104.152.52.27,United States,14987,Sun Mar 24 23:47:16 PDT 2019,Sun Mar 24 23:33:30 PDT 2019,ssh;telnet;
104.152.52.27,United States,14987,Thu Apr 18 06:49:42 PDT 2019,Thu Apr 18 06:56:20 PDT 2019,Port Scanning;telnet;ssh;ftp;unknown protocol;mongodb;http/https;Suspicious User-Agent;
104.152.52.27,United States,14987,Thu May 30 18:59:21 PDT 2019,Thu May 30 19:03:14 PDT 2019,ssh;telnet;
104.236.81.204,United States,393406,Mon Mar 04 23:34:32 PST 2019,Sun Mar 17 23:37:29 PDT 2019,ssh;
104.236.81.204,United States,393406,Wed Mar 27 11:44:04 PDT 2019,Wed Mar 27 11:49:46 PDT 2019,ssh;
104.236.81.204,United States,393406,Thu Apr 18 14:32:16 PDT 2019,Tue Apr 30 02:49:59 PDT 2019,ssh;
104.236.81.204,United States,393406,Fri May 10 19:20:20 PDT 2019,Thu May 30 00:43:44 PDT 2019,ssh;
104.236.81.204,United States,393406,Thu Jun 06 07:48:57 PDT 2019,Fri Jun 07 00:24:08 PDT 2019,ssh;
104.248.88.33,United States,None,Sun Apr 21 16:30:25 PDT 2019,Sun Apr 28 13:07:07 PDT 2019,ssh;
104.248.88.33,United States,None,Wed May 15 20:03:23 PDT 2019,Thu May 16 18:03:12 PDT 2019,ssh;
104.248.88.33,United States,None,Wed May 29 22:19:37 PDT 2019,Fri Jun 07 22:22:06 PDT 2019,ssh;unknown protocol;
104.248.114.113,United States,None,Thu May 30 20:20:47 PDT 2019,Mon Jun 03 19:13:49 PDT 2019,botnet;telnet;common password;iot;
106.13.34.212,China,None,Sun Mar 31 22:56:24 PDT 2019,Tue Apr 02 00:47:49 PDT 2019,ssh;
106.13.34.212,China,None,Thu Mar 07 16:48:56 PST 2019,Sun Mar 17 13:19:35 PDT 2019,ssh;
106.13.34.212,China,None,Mon Mar 25 08:36:12 PDT 2019,Mon Mar 25 18:57:31 PDT 2019,ssh;
106.13.34.212,China,None,Wed Apr 10 02:49:36 PDT 2019,Mon Apr 22 04:18:24 PDT 2019,unknown protocol;ssh;
106.13.34.212,China,None,Thu May 30 03:11:18 PDT 2019,Thu May 30 03:13:17 PDT 2019,ssh;
106.13.88.44,China,None,Fri Mar 22 05:54:05 PDT 2019,Mon Mar 25 20:20:34 PDT 2019,ssh;
106.13.88.44,China,None,Fri Apr 26 22:59:33 PDT 2019,Sat Apr 27 11:04:56 PDT 2019,ssh;
106.13.88.44,China,None,Mon May 20 02:05:05 PDT 2019,Mon May 20 08:31:12 PDT 2019,ssh;
106.13.88.44,China,None,Thu May 30 08:12:07 PDT 2019,Thu May 30 08:04:28 PDT 2019,ssh;
106.38.108.28,China,4847,Tue Sep 18 22:39:37 PDT 2018,Tue Sep 18 22:39:37 PDT 2018,telnet;
106.38.108.28,China,4847,Thu Oct 04 10:18:02 PDT 2018,Thu Oct 04 10:28:14 PDT 2018,telnet;
106.38.108.28,China,4847,Tue Oct 16 11:17:42 PDT 2018,Sat Oct 20 01:57:44 PDT 2018,telnet;
106.38.108.28,China,4847,Sun Nov 04 22:47:30 PST 2018,Sun Nov 04 22:57:58 PST 2018,telnet;
106.38.108.28,China,4847,Sat Nov 24 23:47:13 PST 2018,Wed Nov 28 07:31:14 PST 2018,telnet;
106.38.108.28,China,4847,Fri Jan 04 02:57:44 PST 2019,Wed Jan 09 01:03:06 PST 2019,telnet;
106.38.108.28,China,4847,Sat Mar 30 02:04:07 PDT 2019,Wed Apr 03 04:06:21 PDT 2019,telnet;
106.38.108.28,China,4847,Sun Mar 24 17:38:54 PDT 2019,Sun Mar 24 17:37:42 PDT 2019,telnet;
106.38.108.28,China,4847,Fri Apr 19 14:15:40 PDT 2019,Fri Apr 19 14:27:11 PDT 2019,telnet;
106.38.108.28,China,4847,Fri May 17 03:48:55 PDT 2019,Fri May 17 03:48:55 PDT 2019,telnet;
106.38.108.28,China,4847,Thu May 30 20:59:13 PDT 2019,Thu May 30 20:59:13 PDT 2019,telnet;
106.38.108.28,China,4847,Thu Jun 06 11:43:42 PDT 2019,Thu Jun 06 11:43:42 PDT 2019,telnet;
107.170.194.16,United States,14061,Wed May 15 03:17:02 PDT 2019,Thu May 30 01:49:05 PDT 2019,unknown protocol;http/https;ssh;ftp;mssql;Suspicious User-Agent;mongodb;
107.170.197.70,United States,14061,Wed Apr 03 11:37:53 PDT 2019,Thu Apr 04 20:53:03 PDT 2019,unknown protocol;
107.170.197.70,United States,14061,Sun Apr 28 18:43:56 PDT 2019,Wed May 08 18:02:16 PDT 2019,smb;unknown protocol;
107.170.197.70,United States,14061,Wed May 15 10:03:13 PDT 2019,Thu May 16 09:28:10 PDT 2019,unknown protocol;
107.170.197.70,United States,14061,Fri May 24 10:28:09 PDT 2019,Sat May 25 01:09:33 PDT 2019,unknown protocol;
107.170.197.70,United States,14061,Thu May 30 17:34:32 PDT 2019,Thu May 30 17:34:32 PDT 2019,ssh;
110.77.126.216,China,24137,Thu May 30 13:07:49 PDT 2019,Thu May 30 13:21:57 PDT 2019,telnet;common password;iot;botnet;
110.232.4.13,Japan,4721,Thu May 30 14:43:48 PDT 2019,Thu May 30 15:10:46 PDT 2019,telnet;common password;iot;botnet;
111.21.99.227,China,9808,Sun Apr 07 03:53:58 PDT 2019,Sun Apr 07 08:14:48 PDT 2019,ssh;
111.21.99.227,China,9808,Sat Mar 09 09:02:43 PST 2019,Sat Mar 09 09:10:46 PST 2019,ssh;
111.21.99.227,China,9808,Sun Apr 14 22:42:50 PDT 2019,Thu Apr 18 12:03:00 PDT 2019,ssh;
111.21.99.227,China,9808,Tue Apr 23 19:39:14 PDT 2019,Tue Apr 23 19:54:20 PDT 2019,ssh;
111.21.99.227,China,9808,Fri May 10 18:28:25 PDT 2019,Sat May 11 00:46:02 PDT 2019,common password;iot;ssh;botnet;
111.21.99.227,China,9808,Thu May 30 01:56:35 PDT 2019,Mon Jun 03 01:24:39 PDT 2019,ssh;
111.40.66.28,China,132525,Wed Oct 17 09:32:49 PDT 2018,Thu Oct 25 13:57:37 PDT 2018,ssh;
111.40.66.28,China,132525,Wed Nov 07 15:21:40 PST 2018,Fri Jun 07 17:08:31 PDT 2019,ssh;
111.121.192.205,China,4134,Fri May 10 07:42:26 PDT 2019,Fri May 10 14:58:08 PDT 2019,ssh;
111.121.192.205,China,4134,Thu May 30 10:15:47 PDT 2019,Thu May 30 10:15:26 PDT 2019,ssh;
111.204.157.197,China,4808,Fri Nov 30 04:39:05 PST 2018,Sun Dec 16 02:16:54 PST 2018,ssh;
111.204.157.197,China,4808,Sun Dec 30 10:01:53 PST 2018,Sun Dec 30 14:03:34 PST 2018,ssh;
111.204.157.197,China,4808,Tue Feb 05 17:47:02 PST 2019,Wed Feb 13 13:03:19 PST 2019,ssh;
111.204.157.197,China,4808,Thu Feb 21 21:44:06 PST 2019,Thu Feb 21 22:12:12 PST 2019,ssh;
111.204.157.197,China,4808,Thu Feb 28 08:57:15 PST 2019,Fri Mar 01 16:16:38 PST 2019,ssh;
111.204.157.197,China,4808,Sun Mar 31 10:04:49 PDT 2019,Tue Apr 02 22:32:43 PDT 2019,ssh;
111.204.157.197,China,4808,Tue Apr 09 01:54:05 PDT 2019,Tue Apr 09 02:09:57 PDT 2019,ssh;
111.204.157.197,China,4808,Mon Mar 11 12:11:28 PDT 2019,Tue Mar 12 18:13:00 PDT 2019,ssh;
111.204.157.197,China,4808,Wed Mar 20 08:59:38 PDT 2019,Wed Mar 20 22:46:04 PDT 2019,ssh;
111.204.157.197,China,4808,Mon Apr 15 13:38:52 PDT 2019,Sun Apr 21 21:19:18 PDT 2019,ssh;
111.204.157.197,China,4808,Thu May 30 00:43:47 PDT 2019,Thu May 30 00:43:42 PDT 2019,ssh;
112.66.90.69,China,4134,Thu May 30 08:02:37 PDT 2019,Thu May 30 08:13:44 PDT 2019,common password;telnet;iot;botnet;
112.82.212.182,China,4837,Thu May 30 01:48:09 PDT 2019,Thu May 30 01:47:59 PDT 2019,bruteforce;ssh;
112.133.243.77,India,24186,Thu May 30 13:21:24 PDT 2019,Thu May 30 13:27:43 PDT 2019,ssh;
112.166.122.94,Republic of Korea,4766,Thu May 30 09:19:31 PDT 2019,Thu May 30 09:29:41 PDT 2019,telnet;common password;iot;botnet;
112.171.89.62,Republic of Korea,4766,Tue Mar 27 07:31:07 PDT 2018,Tue Mar 27 07:31:46 PDT 2018,telnet;common password;iot;botnet;
112.171.89.62,Republic of Korea,4766,Thu May 30 22:41:07 PDT 2019,Thu May 30 22:32:47 PDT 2019,telnet;common password;iot;botnet;
113.26.166.236,China,17883,Thu May 30 21:51:18 PDT 2019,Thu May 30 21:48:32 PDT 2019,telnet;
117.4.92.254,Vietnam,7552,Thu May 30 10:12:34 PDT 2019,Thu May 30 10:26:27 PDT 2019,telnet;common password;iot;botnet;
117.93.65.162,China,4134,Thu May 30 12:38:12 PDT 2019,Thu May 30 12:43:54 PDT 2019,bruteforce;ssh;
118.24.99.163,China,None,Sun Jan 27 20:29:37 PST 2019,Tue Jan 29 16:12:33 PST 2019,ssh;
118.24.99.163,China,None,Tue Feb 05 18:16:53 PST 2019,Fri Feb 22 02:56:32 PST 2019,ssh;
118.24.99.163,China,None,Wed Feb 27 17:14:50 PST 2019,Mon Mar 04 02:02:19 PST 2019,ssh;
118.24.99.163,China,None,Fri Mar 29 23:26:21 PDT 2019,Fri Mar 29 23:37:53 PDT 2019,ssh;
118.24.99.163,China,None,Mon Apr 08 01:52:06 PDT 2019,Mon Apr 08 02:00:23 PDT 2019,ssh;
118.24.99.163,China,None,Mon Mar 11 01:16:42 PDT 2019,Thu Mar 21 22:04:59 PDT 2019,ssh;
118.24.99.163,China,None,Sat Apr 13 03:28:59 PDT 2019,Fri Apr 19 10:53:28 PDT 2019,ssh;
118.24.99.163,China,None,Fri Apr 26 15:50:33 PDT 2019,Fri Apr 26 16:03:54 PDT 2019,ssh;
118.24.99.163,China,None,Sat May 11 23:49:19 PDT 2019,Wed May 15 23:47:05 PDT 2019,ssh;
118.24.99.163,China,None,Thu May 30 14:43:55 PDT 2019,Thu May 30 14:55:46 PDT 2019,ssh;
118.24.99.163,China,None,Thu Jun 06 22:30:43 PDT 2019,Thu Jun 06 22:41:13 PDT 2019,ssh;
118.24.173.104,China,None,Sat Dec 01 08:21:49 PST 2018,Fri Dec 07 12:21:46 PST 2018,ssh;
118.24.173.104,China,None,Sat Dec 15 07:34:24 PST 2018,Sat Dec 15 07:35:56 PST 2018,ssh;
118.24.173.104,China,None,Sun Dec 23 18:38:28 PST 2018,Sun Dec 23 18:48:51 PST 2018,ssh;
118.24.173.104,China,None,Tue Jan 01 08:42:04 PST 2019,Tue Jan 01 08:54:33 PST 2019,ssh;
118.24.173.104,China,None,Sat Jan 12 21:15:53 PST 2019,Thu Jan 17 16:05:08 PST 2019,ssh;botnet;iot;common password;
118.24.173.104,China,None,Mon Feb 04 23:46:38 PST 2019,Mon Feb 18 02:03:16 PST 2019,ssh;
118.24.173.104,China,None,Mon Feb 25 11:41:20 PST 2019,Thu Feb 28 23:40:44 PST 2019,ssh;
118.24.173.104,China,None,Wed Apr 03 03:17:19 PDT 2019,Sat Apr 06 03:11:35 PDT 2019,ssh;
118.24.173.104,China,None,Tue Mar 12 22:19:24 PDT 2019,Tue Mar 12 22:22:48 PDT 2019,ssh;
118.24.173.104,China,None,Mon Mar 18 17:09:04 PDT 2019,Fri Mar 22 09:39:33 PDT 2019,ssh;
118.24.173.104,China,None,Mon Apr 22 17:01:35 PDT 2019,Thu Apr 25 09:54:35 PDT 2019,ssh;
118.24.173.104,China,None,Sun May 12 07:22:52 PDT 2019,Sun May 12 13:22:07 PDT 2019,ssh;
118.24.173.104,China,None,Thu May 30 05:53:14 PDT 2019,Thu May 30 05:51:59 PDT 2019,ssh;
118.127.99.178,Australia,38790,Thu May 30 01:20:43 PDT 2019,Thu May 30 01:15:14 PDT 2019,telnet;common password;iot;botnet;
119.27.173.72,China,4134,Mon Apr 08 22:34:29 PDT 2019,Mon Apr 08 22:50:12 PDT 2019,ssh;
119.27.173.72,China,4134,Sat Apr 20 04:52:40 PDT 2019,Sat Apr 20 05:11:46 PDT 2019,ssh;
119.27.173.72,China,4134,Thu May 09 14:25:16 PDT 2019,Mon May 13 06:03:35 PDT 2019,ssh;
119.27.173.72,China,4134,Thu May 30 06:49:20 PDT 2019,Thu May 30 06:50:41 PDT 2019,ssh;
119.46.166.40,Thailand,7470,Thu Feb 28 17:23:47 PST 2019,Thu Feb 28 17:45:20 PST 2019,ssh;
119.46.166.40,Thailand,7470,Thu Apr 04 11:37:55 PDT 2019,Thu Apr 04 11:34:10 PDT 2019,ssh;
119.46.166.40,Thailand,7470,Mon Mar 18 01:37:40 PDT 2019,Mon Mar 18 01:37:05 PDT 2019,ssh;
119.46.166.40,Thailand,7470,Sun Mar 24 16:27:08 PDT 2019,Sun Mar 24 20:49:08 PDT 2019,ssh;
119.46.166.40,Thailand,7470,Thu May 30 22:53:21 PDT 2019,Thu May 30 23:00:05 PDT 2019,ssh;
119.109.251.144,China,4837,Thu May 30 04:23:45 PDT 2019,Thu May 30 04:12:33 PDT 2019,ssh;
122.177.87.130,India,24560,Thu May 30 12:33:48 PDT 2019,Thu May 30 12:47:40 PDT 2019,telnet;common password;iot;botnet;
122.180.189.121,India,24560,Thu May 30 15:37:25 PDT 2019,Thu May 30 15:30:19 PDT 2019,telnet;common password;iot;botnet;
125.27.67.20,Thailand,23969,Thu May 30 15:59:29 PDT 2019,Thu May 30 16:07:51 PDT 2019,telnet;common password;iot;botnet;
125.130.233.137,Republic of Korea,4766,Wed Mar 20 21:09:12 PDT 2019,Wed Mar 20 21:09:12 PDT 2019,telnet;
125.130.233.137,Republic of Korea,4766,Thu May 30 03:20:34 PDT 2019,Thu May 30 03:24:07 PDT 2019,telnet;common password;iot;botnet;
125.135.242.85,Republic of Korea,4766,Thu May 30 19:11:25 PDT 2019,Thu May 30 19:11:25 PDT 2019,telnet;
125.141.36.35,Republic of Korea,4766,Sat May 18 12:15:44 PDT 2019,Sat May 18 12:26:18 PDT 2019,telnet;
125.141.36.35,Republic of Korea,4766,Thu May 30 07:52:07 PDT 2019,Thu May 30 07:50:50 PDT 2019,telnet;
128.65.176.198,Iran,43754,Thu May 30 15:43:38 PDT 2019,Thu May 30 15:42:13 PDT 2019,telnet;
128.199.90.245,Singapore,133165,Thu May 30 07:38:27 PDT 2019,Thu May 30 07:46:15 PDT 2019,ssh;
128.199.182.235,Singapore,133165,Tue Mar 05 01:35:43 PST 2019,Tue Mar 05 01:43:22 PST 2019,ssh;
128.199.182.235,Singapore,133165,Tue Mar 26 02:58:42 PDT 2019,Sat Mar 30 09:13:41 PDT 2019,ssh;
128.199.182.235,Singapore,133165,Mon Mar 11 22:41:33 PDT 2019,Thu Mar 21 01:50:01 PDT 2019,ssh;
128.199.182.235,Singapore,133165,Sat Apr 13 01:30:03 PDT 2019,Wed Apr 24 23:40:33 PDT 2019,ssh;
128.199.182.235,Singapore,133165,Thu May 02 07:46:43 PDT 2019,Thu May 02 07:51:39 PDT 2019,ssh;
128.199.182.235,Singapore,133165,Tue May 07 12:35:24 PDT 2019,Thu Jun 06 12:19:34 PDT 2019,ssh;unknown protocol;
128.199.199.251,Singapore,133165,Tue Mar 12 02:05:13 PDT 2019,Thu Mar 14 22:44:32 PDT 2019,ssh;
128.199.199.251,Singapore,133165,Fri Apr 19 01:17:12 PDT 2019,Fri Apr 19 02:36:55 PDT 2019,ssh;
128.199.199.251,Singapore,133165,Tue Apr 30 11:27:37 PDT 2019,Tue Apr 30 11:25:12 PDT 2019,ssh;
128.199.199.251,Singapore,133165,Thu May 30 12:40:20 PDT 2019,Thu May 30 12:53:43 PDT 2019,ssh;
129.204.141.51,United States,None,Thu Mar 28 14:51:55 PDT 2019,Fri Mar 29 01:32:30 PDT 2019,ssh;
129.204.141.51,United States,None,Thu Apr 04 07:59:13 PDT 2019,Sun Apr 07 04:21:46 PDT 2019,ssh;
129.204.141.51,United States,None,Mon Apr 15 23:32:50 PDT 2019,Fri Apr 19 22:00:32 PDT 2019,ssh;
129.204.141.51,United States,None,Thu May 30 07:11:39 PDT 2019,Thu May 30 07:19:53 PDT 2019,ssh;
129.213.97.191,United States,None,Tue Jun 04 23:09:14 PDT 2019,Tue Jun 04 23:14:24 PDT 2019,ssh;
129.213.97.191,United States,None,Thu May 23 20:08:20 PDT 2019,Thu May 30 16:01:04 PDT 2019,ssh;
130.211.246.128,United States,15169,Tue Apr 02 15:40:08 PDT 2019,Thu Apr 04 10:56:12 PDT 2019,ssh;
130.211.246.128,United States,15169,Tue Mar 05 10:02:49 PST 2019,Sat Mar 16 14:27:29 PDT 2019,ssh;
130.211.246.128,United States,15169,Thu May 23 16:34:29 PDT 2019,Wed Jun 05 06:29:36 PDT 2019,ssh;
131.161.13.76,Brazil,264358,Thu May 30 00:19:38 PDT 2019,Thu May 30 00:19:38 PDT 2019,ssh;
132.148.129.180,United States,None,Fri Mar 29 02:55:05 PDT 2019,Fri Mar 29 02:39:44 PDT 2019,ssh;
132.148.129.180,United States,None,Wed Mar 13 14:28:50 PDT 2019,Tue Mar 19 04:08:06 PDT 2019,ssh;
132.148.129.180,United States,None,Thu May 02 10:16:48 PDT 2019,Thu May 02 10:18:09 PDT 2019,ssh;
132.148.129.180,United States,None,Mon Apr 22 02:09:23 PDT 2019,Fri Apr 26 17:40:50 PDT 2019,ssh;
132.148.129.180,United States,None,Wed May 15 03:54:14 PDT 2019,Wed May 15 06:40:34 PDT 2019,ssh;
132.148.129.180,United States,None,Fri May 24 00:12:32 PDT 2019,Fri Jun 07 17:10:11 PDT 2019,ssh;
132.255.29.228,Brazil,264461,Sat Apr 20 03:43:04 PDT 2019,Thu May 02 10:54:59 PDT 2019,ssh;
132.255.29.228,Brazil,264461,Tue May 21 15:43:34 PDT 2019,Fri Jun 07 14:53:27 PDT 2019,unknown protocol;ssh;
134.209.48.133,United States,None,Thu May 30 02:50:20 PDT 2019,Sun Jun 02 20:47:34 PDT 2019,ssh;
134.209.175.214,United States,None,Tue May 14 20:50:04 PDT 2019,Fri Jun 07 04:00:45 PDT 2019,ssh;unknown protocol;
138.59.104.174,Brazil,262756,Thu May 30 03:11:16 PDT 2019,Thu May 30 03:22:54 PDT 2019,telnet;common password;iot;botnet;
138.68.171.54,United Kingdom,202109,Tue Apr 09 00:28:34 PDT 2019,Sat Apr 13 01:19:26 PDT 2019,ssh;
138.68.171.54,United Kingdom,202109,Fri Apr 19 21:05:51 PDT 2019,Thu May 16 11:13:27 PDT 2019,common password;botnet;iot;ssh;
138.68.171.54,United Kingdom,202109,Thu May 30 23:33:20 PDT 2019,Thu May 30 23:38:51 PDT 2019,ssh;
138.68.171.54,United Kingdom,202109,Wed Jun 05 03:40:57 PDT 2019,Thu Jun 06 20:08:55 PDT 2019,unknown protocol;ssh;
138.197.180.16,United States,None,Tue Mar 05 06:13:44 PST 2019,Tue Mar 05 06:17:21 PST 2019,ssh;
138.197.180.16,United States,None,Tue Mar 26 11:26:47 PDT 2019,Thu Mar 28 11:53:04 PDT 2019,ssh;
138.197.180.16,United States,None,Tue Mar 12 08:31:11 PDT 2019,Tue Mar 19 03:14:42 PDT 2019,ssh;
138.197.180.16,United States,None,Mon May 06 17:02:05 PDT 2019,Thu May 09 15:59:20 PDT 2019,ssh;
138.197.180.16,United States,None,Tue May 14 23:10:48 PDT 2019,Fri May 24 04:42:25 PDT 2019,ssh;
138.197.180.16,United States,None,Thu May 30 01:44:25 PDT 2019,Fri Jun 07 15:18:05 PDT 2019,ssh;
139.59.15.222,India,135340,Thu May 30 07:43:32 PDT 2019,Fri Jun 07 21:50:50 PDT 2019,iot;botnet;common password;ssh;
139.59.42.211,India,135340,Wed May 29 20:50:44 PDT 2019,Tue Jun 04 18:37:11 PDT 2019,ssh;unknown protocol;
139.59.56.121,India,135340,Tue Mar 05 04:56:38 PST 2019,Tue Apr 23 18:00:22 PDT 2019,ssh;
139.59.56.121,India,135340,Tue Apr 30 11:36:31 PDT 2019,Tue Apr 30 11:23:59 PDT 2019,ssh;
139.59.56.121,India,135340,Tue May 07 04:38:47 PDT 2019,Wed Jun 05 04:47:53 PDT 2019,ssh;unknown protocol;
139.59.78.236,India,None,Fri Mar 29 05:36:51 PDT 2019,Tue Apr 02 20:42:15 PDT 2019,ssh;
139.59.78.236,India,None,Tue Apr 09 04:21:06 PDT 2019,Wed Apr 10 05:36:27 PDT 2019,ssh;
139.59.78.236,India,None,Mon Mar 04 17:31:47 PST 2019,Tue Mar 19 08:24:13 PDT 2019,ssh;
139.59.78.236,India,None,Tue Apr 16 19:51:36 PDT 2019,Sat Apr 20 10:30:57 PDT 2019,ssh;
139.59.78.236,India,None,Thu Apr 25 19:00:44 PDT 2019,Thu Apr 25 19:02:19 PDT 2019,ssh;common password;iot;botnet;
139.59.78.236,India,None,Tue May 07 01:19:38 PDT 2019,Sat May 11 11:35:38 PDT 2019,ssh;
139.59.78.236,India,None,Sat May 18 10:34:12 PDT 2019,Wed Jun 05 10:48:16 PDT 2019,ssh;unknown protocol;
139.59.79.56,India,None,Thu Mar 07 00:45:40 PST 2019,Thu Mar 07 19:32:21 PST 2019,ssh;
139.59.79.56,India,None,Tue Mar 12 22:22:46 PDT 2019,Sat Apr 13 22:24:06 PDT 2019,ssh;
139.59.79.56,India,None,Fri Apr 19 01:46:59 PDT 2019,Wed May 01 23:22:02 PDT 2019,ssh;
139.59.79.56,India,None,Thu May 09 01:24:20 PDT 2019,Wed May 22 06:11:41 PDT 2019,ssh;
139.59.79.56,India,None,Thu May 30 12:42:34 PDT 2019,Thu Jun 06 01:52:30 PDT 2019,ssh;unknown protocol;
139.59.135.84,Germany,201229,Sat Dec 29 22:08:49 PST 2018,Sat Dec 29 22:20:20 PST 2018,ssh;
139.59.135.84,Germany,201229,Mon Jan 14 07:09:46 PST 2019,Thu Jan 17 20:40:18 PST 2019,ssh;
139.59.135.84,Germany,201229,Sun Feb 03 12:41:09 PST 2019,Sat Feb 09 17:58:18 PST 2019,ssh;
139.59.135.84,Germany,201229,Sat Apr 06 09:49:12 PDT 2019,Sat Apr 06 09:52:01 PDT 2019,ssh;
139.59.135.84,Germany,201229,Tue Feb 26 11:22:43 PST 2019,Sat Mar 09 04:57:12 PST 2019,ssh;
139.59.135.84,Germany,201229,Wed Mar 20 07:16:22 PDT 2019,Wed Mar 27 14:07:48 PDT 2019,ssh;
139.59.135.84,Germany,201229,Thu Apr 18 13:15:16 PDT 2019,Tue Apr 23 20:47:19 PDT 2019,ssh;
139.59.135.84,Germany,201229,Thu May 30 15:59:04 PDT 2019,Thu May 30 16:02:40 PDT 2019,ssh;
139.59.135.84,Germany,201229,Thu Jun 06 20:00:02 PDT 2019,Thu Jun 06 20:03:24 PDT 2019,ssh;
140.143.134.86,China,None,Sat Dec 01 07:08:07 PST 2018,Wed Dec 19 11:12:25 PST 2018,ssh;
140.143.134.86,China,None,Mon Dec 24 17:07:10 PST 2018,Mon Dec 24 17:31:43 PST 2018,ssh;
140.143.134.86,China,None,Tue Jan 01 13:53:48 PST 2019,Thu Jan 03 01:01:14 PST 2019,ssh;
140.143.134.86,China,None,Sat Jan 19 22:07:15 PST 2019,Sat Jan 19 22:20:56 PST 2019,ssh;
140.143.134.86,China,None,Sat Jan 26 06:27:35 PST 2019,Mon Jan 28 11:05:05 PST 2019,ssh;
140.143.134.86,China,None,Tue Feb 05 16:45:50 PST 2019,Thu Feb 21 01:56:02 PST 2019,ssh;
140.143.134.86,China,None,Fri Mar 01 04:27:41 PST 2019,Sat Mar 02 19:27:23 PST 2019,ssh;
140.143.134.86,China,None,Sat Mar 30 10:51:01 PDT 2019,Sat Mar 30 11:12:16 PDT 2019,common password;iot;ssh;botnet;
140.143.134.86,China,None,Sat Apr 06 03:47:40 PDT 2019,Sat Apr 06 03:42:58 PDT 2019,ssh;
140.143.134.86,China,None,Sun Mar 10 23:32:01 PDT 2019,Mon Mar 18 06:44:16 PDT 2019,ssh;
140.143.134.86,China,None,Thu Apr 11 08:30:46 PDT 2019,Thu Apr 18 22:53:51 PDT 2019,ssh;
140.143.134.86,China,None,Wed Apr 24 23:17:52 PDT 2019,Wed Apr 24 23:50:26 PDT 2019,ssh;
140.143.134.86,China,None,Sun May 12 14:52:48 PDT 2019,Sun May 12 20:12:53 PDT 2019,ssh;
140.143.134.86,China,None,Thu May 30 06:08:41 PDT 2019,Thu May 30 06:16:29 PDT 2019,ssh;
142.93.39.29,Canada,None,Wed Mar 06 13:08:05 PST 2019,Wed Mar 06 12:57:01 PST 2019,ssh;
142.93.39.29,Canada,None,Fri Mar 29 14:35:25 PDT 2019,Sat Mar 30 00:24:44 PDT 2019,ssh;
142.93.39.29,Canada,None,Mon Mar 11 19:48:11 PDT 2019,Sun Mar 17 13:57:47 PDT 2019,ssh;
142.93.39.29,Canada,None,Thu Apr 04 04:06:12 PDT 2019,Fri Jun 07 12:17:24 PDT 2019,ssh;
142.93.101.13,Canada,None,Mon Mar 04 18:12:37 PST 2019,Mon Mar 04 20:45:22 PST 2019,ssh;
142.93.101.13,Canada,None,Mon Mar 25 20:06:21 PDT 2019,Mon Mar 25 20:17:24 PDT 2019,ssh;
142.93.101.13,Canada,None,Tue Mar 12 00:22:14 PDT 2019,Tue Mar 19 17:50:10 PDT 2019,ssh;
142.93.101.13,Canada,None,Fri Apr 19 04:12:43 PDT 2019,Fri May 17 06:38:45 PDT 2019,iot;ssh;common password;botnet;
142.93.101.13,Canada,None,Thu May 23 18:49:24 PDT 2019,Fri Jun 07 16:18:15 PDT 2019,ssh;
142.93.149.188,Canada,None,Thu May 30 00:44:22 PDT 2019,Mon Jun 03 10:34:54 PDT 2019,botnet;iot;default password;telnet;common password;
142.93.153.153,Canada,None,Sat May 18 21:40:32 PDT 2019,Wed Jun 05 02:58:04 PDT 2019,ssh;iot;common password;botnet;unknown protocol;
144.217.237.117,Canada,16276,Thu Mar 07 03:06:59 PST 2019,Thu Mar 07 03:02:28 PST 2019,ssh;
144.217.237.117,Canada,16276,Tue Mar 12 09:38:15 PDT 2019,Tue Mar 19 10:27:08 PDT 2019,ssh;
144.217.237.117,Canada,16276,Tue Mar 26 13:00:37 PDT 2019,Tue Mar 26 12:56:12 PDT 2019,ssh;
144.217.237.117,Canada,16276,Fri Apr 19 09:41:17 PDT 2019,Tue Apr 30 12:47:19 PDT 2019,ssh;
144.217.237.117,Canada,16276,Thu May 16 02:53:34 PDT 2019,Fri Jun 07 02:01:01 PDT 2019,unknown protocol;ssh;
154.117.154.34,South Africa,37358,Thu Apr 04 00:55:27 PDT 2019,Thu Apr 04 01:09:07 PDT 2019,telnet;
154.117.154.34,South Africa,37358,Thu Apr 11 18:22:11 PDT 2019,Thu Apr 18 05:56:11 PDT 2019,telnet;
154.117.154.34,South Africa,37358,Wed Apr 24 04:30:42 PDT 2019,Wed Apr 24 04:30:16 PDT 2019,telnet;
154.117.154.34,South Africa,37358,Thu May 02 16:48:13 PDT 2019,Tue May 07 19:40:58 PDT 2019,telnet;iot;botnet;common password;
154.117.154.34,South Africa,37358,Wed May 15 02:29:18 PDT 2019,Mon May 20 10:15:37 PDT 2019,iot;botnet;telnet;common password;
154.117.154.34,South Africa,37358,Mon May 27 19:21:43 PDT 2019,Sat Jun 01 22:22:38 PDT 2019,iot;botnet;common password;telnet;
154.117.154.34,South Africa,37358,Fri Jun 07 00:23:29 PDT 2019,Fri Jun 07 00:29:04 PDT 2019,telnet;
159.65.144.233,United States,None,Mon Mar 04 21:28:15 PST 2019,Wed Mar 06 15:13:59 PST 2019,ssh;
159.65.144.233,United States,None,Wed Mar 27 03:07:55 PDT 2019,Sat Mar 30 21:20:19 PDT 2019,ssh;
159.65.144.233,United States,None,Mon Mar 11 20:51:59 PDT 2019,Mon Mar 18 17:46:32 PDT 2019,ssh;
159.65.144.233,United States,None,Wed Ap